ID,codigo_lista,ubicación_lista,nombre_csv_lista,
1,5025,en el municipio de Piedras Negras,excel_data_1,
2,5026,en el municipio de xx2,excel_data_2,
3,5027,en el municipio de xx3,excel_data_3,
4,5028,en el municipio de xx4,excel_data_4,
5,5029,en el municipio de xx5,excel_data_5,
6,5030,en el municipio de xx6,excel_data_6,
7,5031,en el municipio de xx7,excel_data_7,
8,5032,en el municipio de xx8,excel_data_8,
9,5033,en el municipio de xx9,excel_data_9,
10,5034,en el municipio de xx10,excel_data_10,
11,5035,en el municipio de xx11,excel_data_11,
12,5036,en el municipio de xx12,excel_data_12,
13,5037,en el municipio de xx13,excel_data_13,
14,5038,en el municipio de xx14,excel_data_14,
15,5039,en el municipio de xx15,excel_data_15,
16,5040,en el municipio de xx16,excel_data_16,
17,5041,en el municipio de xx17,excel_data_17,
18,5042,en el municipio de xx18,excel_data_18,
19,5043,en el municipio de xx19,excel_data_19,
20,5044,en el municipio de xx20,excel_data_20,
21,5045,en el municipio de xx21,excel_data_21,
22,5046,en el municipio de xx22,excel_data_22,
23,5047,en el municipio de xx23,excel_data_23,
24,5048,en el municipio de xx24,excel_data_24,
25,5049,en el municipio de xx25,excel_data_25,
26,5050,en el municipio de xx26,excel_data_26,
27,5051,en el municipio de xx27,excel_data_27,
28,5052,en el municipio de xx28,excel_data_28,
29,5053,en el municipio de xx29,excel_data_29,
30,5054,en el municipio de xx30,excel_data_30,
31,5055,en el municipio de xx31,excel_data_31,
32,5056,en el municipio de xx32,excel_data_32,
33,5057,en el municipio de xx33,excel_data_33,
34,5058,en el municipio de xx34,excel_data_34,
35,5059,en el municipio de xx35,excel_data_35,
36,5060,en el municipio de xx36,excel_data_36,
37,5061,en el municipio de xx37,excel_data_37,
38,5062,en el municipio de xx38,excel_data_38,
39,5063,en el municipio de xx39,excel_data_39,
40,5064,en el municipio de xx40,excel_data_40,
41,5065,en el municipio de xx41,excel_data_41,
42,5066,en el municipio de xx42,excel_data_42,
43,5067,en el municipio de xx43,excel_data_43,
44,5068,en el municipio de xx44,excel_data_44,
45,5069,en el municipio de xx45,excel_data_45,
46,5070,en el municipio de xx46,excel_data_46,
47,5071,en el municipio de xx47,excel_data_47,
48,5072,en el municipio de xx48,excel_data_48,
49,5073,en el municipio de xx49,excel_data_49,
50,5074,en el municipio de xx50,excel_data_50,
51,5075,en el municipio de xx51,excel_data_51,
52,5076,en el municipio de xx52,excel_data_52,
53,5077,en el municipio de xx53,excel_data_53,
54,5078,en el municipio de xx54,excel_data_54,
55,5079,en el municipio de xx55,excel_data_55,
56,5080,en el municipio de xx56,excel_data_56,
57,5081,en el municipio de xx57,excel_data_57,
58,5082,en el municipio de xx58,excel_data_58,
59,5083,en el municipio de xx59,excel_data_59,
60,5084,en el municipio de xx60,excel_data_60,
61,5085,en el municipio de xx61,excel_data_61,
62,5086,en el municipio de xx62,excel_data_62,
63,5087,en el municipio de xx63,excel_data_63,
64,5088,en el municipio de xx64,excel_data_64,
65,5089,en el municipio de xx65,excel_data_65,
66,5090,en el municipio de xx66,excel_data_66,
67,5091,en el municipio de xx67,excel_data_67,
68,5092,en el municipio de xx68,excel_data_68,
69,5093,en el municipio de xx69,excel_data_69,
70,5094,en el municipio de xx70,excel_data_70,
71,5095,en el municipio de xx71,excel_data_71,
72,5096,en el municipio de xx72,excel_data_72,
73,5097,en el municipio de xx73,excel_data_73,
74,5098,en el municipio de xx74,excel_data_74,
75,5099,en el municipio de xx75,excel_data_75,
76,5100,en el municipio de xx76,excel_data_76,
77,5101,en el municipio de xx77,excel_data_77,
78,5102,en el municipio de xx78,excel_data_78,
79,5103,en el municipio de xx79,excel_data_79,
80,5104,en el municipio de xx80,excel_data_80,
81,5105,en el municipio de xx81,excel_data_81,
82,5106,en el municipio de xx82,excel_data_82,
83,5107,en el municipio de xx83,excel_data_83,
84,5108,en el municipio de xx84,excel_data_84,
85,5109,en el municipio de xx85,excel_data_85,
86,5110,en el municipio de xx86,excel_data_86,
87,5111,en el municipio de xx87,excel_data_87,
88,5112,en el municipio de xx88,excel_data_88,
89,5113,en el municipio de xx89,excel_data_89,
90,5114,en el municipio de xx90,excel_data_90,
91,5115,en el municipio de xx91,excel_data_91,
92,5116,en el municipio de xx92,excel_data_92,
93,5117,en el municipio de xx93,excel_data_93,
94,5118,en el municipio de xx94,excel_data_94,
95,5119,en el municipio de xx95,excel_data_95,
96,5120,en el municipio de xx96,excel_data_96,
97,5121,en el municipio de xx97,excel_data_97,
98,5122,en el municipio de xx98,excel_data_98,
99,5123,en el municipio de xx99,excel_data_99,
100,5124,en el municipio de xx100,excel_data_100,
101,5125,en el municipio de xx101,excel_data_101,
102,5126,en el municipio de xx102,excel_data_102,
103,5127,en el municipio de xx103,excel_data_103,
104,5128,en el municipio de xx104,excel_data_104,
105,5129,en el municipio de xx105,excel_data_105,
106,5130,en el municipio de xx106,excel_data_106,
107,5131,en el municipio de xx107,excel_data_107,
108,5132,en el municipio de xx108,excel_data_108,
109,5133,en el municipio de xx109,excel_data_109,
110,5134,en el municipio de xx110,excel_data_110,
111,5135,en el municipio de xx111,excel_data_111,
112,5136,en el municipio de xx112,excel_data_112,
113,5137,en el municipio de xx113,excel_data_113,
114,5138,en el municipio de xx114,excel_data_114,
115,5139,en el municipio de xx115,excel_data_115,
116,5140,en el municipio de xx116,excel_data_116,
117,5141,en el municipio de xx117,excel_data_117,
118,5142,en el municipio de xx118,excel_data_118,
119,5143,en el municipio de xx119,excel_data_119,
120,5144,en el municipio de xx120,excel_data_120,
121,5145,en el municipio de xx121,excel_data_121,
122,5146,en el municipio de xx122,excel_data_122,
123,5147,en el municipio de xx123,excel_data_123,
124,5148,en el municipio de xx124,excel_data_124,
125,5149,en el municipio de xx125,excel_data_125,
126,5150,en el municipio de xx126,excel_data_126,
